background_cell_count,false_alarm_count,hit_count,input_type,mask_name,measured_pfa,pd,protocol,sir_name,source_sequence,split_definition,target_count,target_pfa,target_sir_db,test_frame_count,threshold_source
11481,145,138,clean,narrow,0.012629561884853235,0.5111111111111111,A_clean_threshold,,2019_04_30_mlms000,clean_peak_percentile,270,0.01,,120,clean_validation_background
11737,198,189,clean,narrow,0.016869728209934397,0.6096774193548387,A_clean_threshold,,2019_04_30_mlms001,clean_peak_percentile,310,0.01,,129,clean_validation_background
6735,111,354,clean,narrow,0.01648106904231626,0.5774877650897227,A_clean_threshold,,2019_05_09_bm1s007,clean_peak_percentile,613,0.01,,124,clean_validation_background
7549,0,534,clean,narrow,0.0,0.9468085106382979,A_clean_threshold,,2019_05_09_cm1s003,clean_peak_percentile,564,0.01,,124,clean_validation_background
7094,6,385,clean,narrow,0.0008457851705666761,0.6015625,A_clean_threshold,,2019_05_09_mlms003,clean_peak_percentile,640,0.01,,103,clean_validation_background
11481,168,137,interfered,narrow,0.014632871701071335,0.5074074074074074,A_clean_threshold,light,2019_04_30_mlms000,clean_peak_percentile,270,0.01,10.0,120,clean_validation_background
11737,228,189,interfered,narrow,0.01942574763568203,0.6096774193548387,A_clean_threshold,light,2019_04_30_mlms001,clean_peak_percentile,310,0.01,10.0,129,clean_validation_background
6735,147,354,interfered,narrow,0.02182628062360802,0.5774877650897227,A_clean_threshold,light,2019_05_09_bm1s007,clean_peak_percentile,613,0.01,10.0,124,clean_validation_background
7549,57,534,interfered,narrow,0.007550668962776527,0.9468085106382979,A_clean_threshold,light,2019_05_09_cm1s003,clean_peak_percentile,564,0.01,10.0,124,clean_validation_background
7094,34,384,interfered,narrow,0.004792782633211165,0.6,A_clean_threshold,light,2019_05_09_mlms003,clean_peak_percentile,640,0.01,10.0,103,clean_validation_background
11481,250,135,interfered,narrow,0.02177510669802282,0.5,A_clean_threshold,medium,2019_04_30_mlms000,clean_peak_percentile,270,0.01,0.0,120,clean_validation_background
11737,294,187,interfered,narrow,0.02504899037232683,0.603225806451613,A_clean_threshold,medium,2019_04_30_mlms001,clean_peak_percentile,310,0.01,0.0,129,clean_validation_background
6735,186,344,interfered,narrow,0.027616926503340758,0.5611745513866232,A_clean_threshold,medium,2019_05_09_bm1s007,clean_peak_percentile,613,0.01,0.0,124,clean_validation_background
7549,130,534,interfered,narrow,0.017220823950192077,0.9468085106382979,A_clean_threshold,medium,2019_05_09_cm1s003,clean_peak_percentile,564,0.01,0.0,124,clean_validation_background
7094,90,370,interfered,narrow,0.012686777558500142,0.578125,A_clean_threshold,medium,2019_05_09_mlms003,clean_peak_percentile,640,0.01,0.0,103,clean_validation_background
11481,237,123,interfered,narrow,0.020642801149725633,0.45555555555555555,A_clean_threshold,severe,2019_04_30_mlms000,clean_peak_percentile,270,0.01,-10.0,120,clean_validation_background
11737,248,171,interfered,narrow,0.021129760586180456,0.5516129032258065,A_clean_threshold,severe,2019_04_30_mlms001,clean_peak_percentile,310,0.01,-10.0,129,clean_validation_background
6735,144,288,interfered,narrow,0.021380846325167038,0.4698205546492659,A_clean_threshold,severe,2019_05_09_bm1s007,clean_peak_percentile,613,0.01,-10.0,124,clean_validation_background
7549,135,533,interfered,narrow,0.017883163332891774,0.9450354609929078,A_clean_threshold,severe,2019_05_09_cm1s003,clean_peak_percentile,564,0.01,-10.0,124,clean_validation_background
7094,107,353,interfered,narrow,0.015083168875105723,0.5515625,A_clean_threshold,severe,2019_05_09_mlms003,clean_peak_percentile,640,0.01,-10.0,103,clean_validation_background
11481,145,138,clean,narrow,0.012629561884853235,0.5111111111111111,B_fixed_pfa_recalibrated,,2019_04_30_mlms000,clean_peak_percentile,270,0.01,,120,input_specific_validation_background
11737,198,189,clean,narrow,0.016869728209934397,0.6096774193548387,B_fixed_pfa_recalibrated,,2019_04_30_mlms001,clean_peak_percentile,310,0.01,,129,input_specific_validation_background
6735,111,354,clean,narrow,0.01648106904231626,0.5774877650897227,B_fixed_pfa_recalibrated,,2019_05_09_bm1s007,clean_peak_percentile,613,0.01,,124,input_specific_validation_background
7549,0,534,clean,narrow,0.0,0.9468085106382979,B_fixed_pfa_recalibrated,,2019_05_09_cm1s003,clean_peak_percentile,564,0.01,,124,input_specific_validation_background
7094,6,385,clean,narrow,0.0008457851705666761,0.6015625,B_fixed_pfa_recalibrated,,2019_05_09_mlms003,clean_peak_percentile,640,0.01,,103,input_specific_validation_background
11481,146,126,interfered,narrow,0.012716662311645328,0.4666666666666667,B_fixed_pfa_recalibrated,light,2019_04_30_mlms000,clean_peak_percentile,270,0.01,10.0,120,input_specific_validation_background
11737,167,175,interfered,narrow,0.014228508136661839,0.5645161290322581,B_fixed_pfa_recalibrated,light,2019_04_30_mlms001,clean_peak_percentile,310,0.01,10.0,129,input_specific_validation_background
6735,89,320,interfered,narrow,0.013214550853749072,0.5220228384991843,B_fixed_pfa_recalibrated,light,2019_05_09_bm1s007,clean_peak_percentile,613,0.01,10.0,124,input_specific_validation_background
7549,49,533,interfered,narrow,0.006490925950457014,0.9450354609929078,B_fixed_pfa_recalibrated,light,2019_05_09_cm1s003,clean_peak_percentile,564,0.01,10.0,124,input_specific_validation_background
7094,26,370,interfered,narrow,0.003665069072455596,0.578125,B_fixed_pfa_recalibrated,light,2019_05_09_mlms003,clean_peak_percentile,640,0.01,10.0,103,input_specific_validation_background
11481,94,98,interfered,narrow,0.00818744011845658,0.362962962962963,B_fixed_pfa_recalibrated,medium,2019_04_30_mlms000,clean_peak_percentile,270,0.01,0.0,120,input_specific_validation_background
11737,105,129,interfered,narrow,0.008946067990116725,0.4161290322580645,B_fixed_pfa_recalibrated,medium,2019_04_30_mlms001,clean_peak_percentile,310,0.01,0.0,129,input_specific_validation_background
6735,77,147,interfered,narrow,0.011432813659985152,0.2398042414355628,B_fixed_pfa_recalibrated,medium,2019_05_09_bm1s007,clean_peak_percentile,613,0.01,0.0,124,input_specific_validation_background
7549,111,521,interfered,narrow,0.014703934295933236,0.9237588652482269,B_fixed_pfa_recalibrated,medium,2019_05_09_cm1s003,clean_peak_percentile,564,0.01,0.0,124,input_specific_validation_background
7094,69,323,interfered,narrow,0.009726529461516776,0.5046875,B_fixed_pfa_recalibrated,medium,2019_05_09_mlms003,clean_peak_percentile,640,0.01,0.0,103,input_specific_validation_background
11481,92,17,interfered,narrow,0.008013239264872398,0.06296296296296296,B_fixed_pfa_recalibrated,severe,2019_04_30_mlms000,clean_peak_percentile,270,0.01,-10.0,120,input_specific_validation_background
11737,90,15,interfered,narrow,0.007668058277242907,0.04838709677419355,B_fixed_pfa_recalibrated,severe,2019_04_30_mlms001,clean_peak_percentile,310,0.01,-10.0,129,input_specific_validation_background
6735,77,25,interfered,narrow,0.011432813659985152,0.040783034257748776,B_fixed_pfa_recalibrated,severe,2019_05_09_bm1s007,clean_peak_percentile,613,0.01,-10.0,124,input_specific_validation_background
7549,100,329,interfered,narrow,0.013246787653993907,0.5833333333333334,B_fixed_pfa_recalibrated,severe,2019_05_09_cm1s003,clean_peak_percentile,564,0.01,-10.0,124,input_specific_validation_background
7094,72,171,interfered,narrow,0.010149422046800112,0.2671875,B_fixed_pfa_recalibrated,severe,2019_05_09_mlms003,clean_peak_percentile,640,0.01,-10.0,103,input_specific_validation_background
11481,17,104,clean,narrow,0.0014807072554655519,0.3851851851851852,A_clean_threshold,,2019_04_30_mlms000,clean_peak_percentile,270,0.001,,120,clean_validation_background
11737,28,139,clean,narrow,0.0023856181306977932,0.4483870967741935,A_clean_threshold,,2019_04_30_mlms001,clean_peak_percentile,310,0.001,,129,clean_validation_background
6735,7,168,clean,narrow,0.0010393466963622866,0.2740619902120718,A_clean_threshold,,2019_05_09_bm1s007,clean_peak_percentile,613,0.001,,124,clean_validation_background
7549,0,526,clean,narrow,0.0,0.9326241134751773,A_clean_threshold,,2019_05_09_cm1s003,clean_peak_percentile,564,0.001,,124,clean_validation_background
7094,0,337,clean,narrow,0.0,0.5265625,A_clean_threshold,,2019_05_09_mlms003,clean_peak_percentile,640,0.001,,103,clean_validation_background
11481,22,104,interfered,narrow,0.0019162093894260082,0.3851851851851852,A_clean_threshold,light,2019_04_30_mlms000,clean_peak_percentile,270,0.001,10.0,120,clean_validation_background
11737,34,138,interfered,narrow,0.0028968220158473203,0.44516129032258067,A_clean_threshold,light,2019_04_30_mlms001,clean_peak_percentile,310,0.001,10.0,129,clean_validation_background
6735,20,167,interfered,narrow,0.002969561989606533,0.2724306688417618,A_clean_threshold,light,2019_05_09_bm1s007,clean_peak_percentile,613,0.001,10.0,124,clean_validation_background
7549,28,526,interfered,narrow,0.0037091005431182937,0.9326241134751773,A_clean_threshold,light,2019_05_09_cm1s003,clean_peak_percentile,564,0.001,10.0,124,clean_validation_background
7094,13,336,interfered,narrow,0.001832534536227798,0.525,A_clean_threshold,light,2019_05_09_mlms003,clean_peak_percentile,640,0.001,10.0,103,clean_validation_background
11481,102,103,interfered,narrow,0.008884243532793311,0.3814814814814815,A_clean_threshold,medium,2019_04_30_mlms000,clean_peak_percentile,270,0.001,0.0,120,clean_validation_background
11737,113,137,interfered,narrow,0.009627673170316094,0.44193548387096776,A_clean_threshold,medium,2019_04_30_mlms001,clean_peak_percentile,310,0.001,0.0,129,clean_validation_background
6735,80,155,interfered,narrow,0.011878247958426132,0.2528548123980424,A_clean_threshold,medium,2019_05_09_bm1s007,clean_peak_percentile,613,0.001,0.0,124,clean_validation_background
7549,114,524,interfered,narrow,0.015101337925553054,0.9290780141843972,A_clean_threshold,medium,2019_05_09_cm1s003,clean_peak_percentile,564,0.001,0.0,124,clean_validation_background
7094,70,324,interfered,narrow,0.00986749365661122,0.50625,A_clean_threshold,medium,2019_05_09_mlms003,clean_peak_percentile,640,0.001,0.0,103,clean_validation_background
11481,125,87,interfered,narrow,0.01088755334901141,0.32222222222222224,A_clean_threshold,severe,2019_04_30_mlms000,clean_peak_percentile,270,0.001,-10.0,120,clean_validation_background
11737,133,122,interfered,narrow,0.011331686120814519,0.3935483870967742,A_clean_threshold,severe,2019_04_30_mlms001,clean_peak_percentile,310,0.001,-10.0,129,clean_validation_background
6735,116,99,interfered,narrow,0.017223459539717892,0.16150081566068517,A_clean_threshold,severe,2019_05_09_bm1s007,clean_peak_percentile,613,0.001,-10.0,124,clean_validation_background
7549,128,473,interfered,narrow,0.0169558881971122,0.8386524822695035,A_clean_threshold,severe,2019_05_09_cm1s003,clean_peak_percentile,564,0.001,-10.0,124,clean_validation_background
7094,93,314,interfered,narrow,0.013109670143783479,0.490625,A_clean_threshold,severe,2019_05_09_mlms003,clean_peak_percentile,640,0.001,-10.0,103,clean_validation_background
11481,17,104,clean,narrow,0.0014807072554655519,0.3851851851851852,B_fixed_pfa_recalibrated,,2019_04_30_mlms000,clean_peak_percentile,270,0.001,,120,input_specific_validation_background
11737,28,139,clean,narrow,0.0023856181306977932,0.4483870967741935,B_fixed_pfa_recalibrated,,2019_04_30_mlms001,clean_peak_percentile,310,0.001,,129,input_specific_validation_background
6735,7,168,clean,narrow,0.0010393466963622866,0.2740619902120718,B_fixed_pfa_recalibrated,,2019_05_09_bm1s007,clean_peak_percentile,613,0.001,,124,input_specific_validation_background
7549,0,526,clean,narrow,0.0,0.9326241134751773,B_fixed_pfa_recalibrated,,2019_05_09_cm1s003,clean_peak_percentile,564,0.001,,124,input_specific_validation_background
7094,0,337,clean,narrow,0.0,0.5265625,B_fixed_pfa_recalibrated,,2019_05_09_mlms003,clean_peak_percentile,640,0.001,,103,input_specific_validation_background
11481,3,81,interfered,narrow,0.0002613012803762738,0.3,B_fixed_pfa_recalibrated,light,2019_04_30_mlms000,clean_peak_percentile,270,0.001,10.0,120,input_specific_validation_background
11737,8,101,interfered,narrow,0.0006816051801993695,0.3258064516129032,B_fixed_pfa_recalibrated,light,2019_04_30_mlms001,clean_peak_percentile,310,0.001,10.0,129,input_specific_validation_background
6735,8,112,interfered,narrow,0.0011878247958426132,0.18270799347471453,B_fixed_pfa_recalibrated,light,2019_05_09_bm1s007,clean_peak_percentile,613,0.001,10.0,124,input_specific_validation_background
7549,21,494,interfered,narrow,0.0027818254073387204,0.875886524822695,B_fixed_pfa_recalibrated,light,2019_05_09_cm1s003,clean_peak_percentile,564,0.001,10.0,124,input_specific_validation_background
7094,8,321,interfered,narrow,0.001127713560755568,0.5015625,B_fixed_pfa_recalibrated,light,2019_05_09_mlms003,clean_peak_percentile,640,0.001,10.0,103,input_specific_validation_background
11481,2,15,interfered,narrow,0.00017420085358418256,0.05555555555555555,B_fixed_pfa_recalibrated,medium,2019_04_30_mlms000,clean_peak_percentile,270,0.001,0.0,120,input_specific_validation_background
11737,5,9,interfered,narrow,0.00042600323762460597,0.02903225806451613,B_fixed_pfa_recalibrated,medium,2019_04_30_mlms001,clean_peak_percentile,310,0.001,0.0,129,input_specific_validation_background
6735,6,31,interfered,narrow,0.0008908685968819599,0.05057096247960848,B_fixed_pfa_recalibrated,medium,2019_05_09_bm1s007,clean_peak_percentile,613,0.001,0.0,124,input_specific_validation_background
7549,29,246,interfered,narrow,0.0038415684196582327,0.43617021276595747,B_fixed_pfa_recalibrated,medium,2019_05_09_cm1s003,clean_peak_percentile,564,0.001,0.0,124,input_specific_validation_background
7094,11,131,interfered,narrow,0.0015506061460389062,0.2046875,B_fixed_pfa_recalibrated,medium,2019_05_09_mlms003,clean_peak_percentile,640,0.001,0.0,103,input_specific_validation_background
11481,10,0,interfered,narrow,0.0008710042679209128,0.0,B_fixed_pfa_recalibrated,severe,2019_04_30_mlms000,clean_peak_percentile,270,0.001,-10.0,120,input_specific_validation_background
11737,5,0,interfered,narrow,0.00042600323762460597,0.0,B_fixed_pfa_recalibrated,severe,2019_04_30_mlms001,clean_peak_percentile,310,0.001,-10.0,129,input_specific_validation_background
6735,2,2,interfered,narrow,0.0002969561989606533,0.0032626427406199023,B_fixed_pfa_recalibrated,severe,2019_05_09_bm1s007,clean_peak_percentile,613,0.001,-10.0,124,input_specific_validation_background
7549,11,0,interfered,narrow,0.0014571466419393297,0.0,B_fixed_pfa_recalibrated,severe,2019_05_09_cm1s003,clean_peak_percentile,564,0.001,-10.0,124,input_specific_validation_background
7094,4,0,interfered,narrow,0.000563856780377784,0.0,B_fixed_pfa_recalibrated,severe,2019_05_09_mlms003,clean_peak_percentile,640,0.001,-10.0,103,input_specific_validation_background
11481,145,138,clean,narrow,0.012629561884853235,0.5111111111111111,A_clean_threshold,,2019_04_30_mlms000,cfar_margin,270,0.01,,120,clean_validation_background
11737,198,189,clean,narrow,0.016869728209934397,0.6096774193548387,A_clean_threshold,,2019_04_30_mlms001,cfar_margin,310,0.01,,129,clean_validation_background
6735,111,354,clean,narrow,0.01648106904231626,0.5774877650897227,A_clean_threshold,,2019_05_09_bm1s007,cfar_margin,613,0.01,,124,clean_validation_background
7549,0,534,clean,narrow,0.0,0.9468085106382979,A_clean_threshold,,2019_05_09_cm1s003,cfar_margin,564,0.01,,124,clean_validation_background
7094,6,385,clean,narrow,0.0008457851705666761,0.6015625,A_clean_threshold,,2019_05_09_mlms003,cfar_margin,640,0.01,,103,clean_validation_background
11481,168,137,interfered,narrow,0.014632871701071335,0.5074074074074074,A_clean_threshold,light,2019_04_30_mlms000,cfar_margin,270,0.01,10.0,120,clean_validation_background
11737,228,189,interfered,narrow,0.01942574763568203,0.6096774193548387,A_clean_threshold,light,2019_04_30_mlms001,cfar_margin,310,0.01,10.0,129,clean_validation_background
6735,147,354,interfered,narrow,0.02182628062360802,0.5774877650897227,A_clean_threshold,light,2019_05_09_bm1s007,cfar_margin,613,0.01,10.0,124,clean_validation_background
7549,57,534,interfered,narrow,0.007550668962776527,0.9468085106382979,A_clean_threshold,light,2019_05_09_cm1s003,cfar_margin,564,0.01,10.0,124,clean_validation_background
7094,34,384,interfered,narrow,0.004792782633211165,0.6,A_clean_threshold,light,2019_05_09_mlms003,cfar_margin,640,0.01,10.0,103,clean_validation_background
11481,250,135,interfered,narrow,0.02177510669802282,0.5,A_clean_threshold,medium,2019_04_30_mlms000,cfar_margin,270,0.01,0.0,120,clean_validation_background
11737,294,187,interfered,narrow,0.02504899037232683,0.603225806451613,A_clean_threshold,medium,2019_04_30_mlms001,cfar_margin,310,0.01,0.0,129,clean_validation_background
6735,186,344,interfered,narrow,0.027616926503340758,0.5611745513866232,A_clean_threshold,medium,2019_05_09_bm1s007,cfar_margin,613,0.01,0.0,124,clean_validation_background
7549,130,534,interfered,narrow,0.017220823950192077,0.9468085106382979,A_clean_threshold,medium,2019_05_09_cm1s003,cfar_margin,564,0.01,0.0,124,clean_validation_background
7094,90,370,interfered,narrow,0.012686777558500142,0.578125,A_clean_threshold,medium,2019_05_09_mlms003,cfar_margin,640,0.01,0.0,103,clean_validation_background
11481,237,123,interfered,narrow,0.020642801149725633,0.45555555555555555,A_clean_threshold,severe,2019_04_30_mlms000,cfar_margin,270,0.01,-10.0,120,clean_validation_background
11737,248,171,interfered,narrow,0.021129760586180456,0.5516129032258065,A_clean_threshold,severe,2019_04_30_mlms001,cfar_margin,310,0.01,-10.0,129,clean_validation_background
6735,144,288,interfered,narrow,0.021380846325167038,0.4698205546492659,A_clean_threshold,severe,2019_05_09_bm1s007,cfar_margin,613,0.01,-10.0,124,clean_validation_background
7549,135,533,interfered,narrow,0.017883163332891774,0.9450354609929078,A_clean_threshold,severe,2019_05_09_cm1s003,cfar_margin,564,0.01,-10.0,124,clean_validation_background
7094,107,353,interfered,narrow,0.015083168875105723,0.5515625,A_clean_threshold,severe,2019_05_09_mlms003,cfar_margin,640,0.01,-10.0,103,clean_validation_background
11481,145,138,clean,narrow,0.012629561884853235,0.5111111111111111,B_fixed_pfa_recalibrated,,2019_04_30_mlms000,cfar_margin,270,0.01,,120,input_specific_validation_background
11737,198,189,clean,narrow,0.016869728209934397,0.6096774193548387,B_fixed_pfa_recalibrated,,2019_04_30_mlms001,cfar_margin,310,0.01,,129,input_specific_validation_background
6735,111,354,clean,narrow,0.01648106904231626,0.5774877650897227,B_fixed_pfa_recalibrated,,2019_05_09_bm1s007,cfar_margin,613,0.01,,124,input_specific_validation_background
7549,0,534,clean,narrow,0.0,0.9468085106382979,B_fixed_pfa_recalibrated,,2019_05_09_cm1s003,cfar_margin,564,0.01,,124,input_specific_validation_background
7094,6,385,clean,narrow,0.0008457851705666761,0.6015625,B_fixed_pfa_recalibrated,,2019_05_09_mlms003,cfar_margin,640,0.01,,103,input_specific_validation_background
11481,146,126,interfered,narrow,0.012716662311645328,0.4666666666666667,B_fixed_pfa_recalibrated,light,2019_04_30_mlms000,cfar_margin,270,0.01,10.0,120,input_specific_validation_background
11737,167,175,interfered,narrow,0.014228508136661839,0.5645161290322581,B_fixed_pfa_recalibrated,light,2019_04_30_mlms001,cfar_margin,310,0.01,10.0,129,input_specific_validation_background
6735,89,320,interfered,narrow,0.013214550853749072,0.5220228384991843,B_fixed_pfa_recalibrated,light,2019_05_09_bm1s007,cfar_margin,613,0.01,10.0,124,input_specific_validation_background
7549,49,533,interfered,narrow,0.006490925950457014,0.9450354609929078,B_fixed_pfa_recalibrated,light,2019_05_09_cm1s003,cfar_margin,564,0.01,10.0,124,input_specific_validation_background
7094,26,370,interfered,narrow,0.003665069072455596,0.578125,B_fixed_pfa_recalibrated,light,2019_05_09_mlms003,cfar_margin,640,0.01,10.0,103,input_specific_validation_background
11481,94,98,interfered,narrow,0.00818744011845658,0.362962962962963,B_fixed_pfa_recalibrated,medium,2019_04_30_mlms000,cfar_margin,270,0.01,0.0,120,input_specific_validation_background
11737,105,129,interfered,narrow,0.008946067990116725,0.4161290322580645,B_fixed_pfa_recalibrated,medium,2019_04_30_mlms001,cfar_margin,310,0.01,0.0,129,input_specific_validation_background
6735,77,147,interfered,narrow,0.011432813659985152,0.2398042414355628,B_fixed_pfa_recalibrated,medium,2019_05_09_bm1s007,cfar_margin,613,0.01,0.0,124,input_specific_validation_background
7549,111,521,interfered,narrow,0.014703934295933236,0.9237588652482269,B_fixed_pfa_recalibrated,medium,2019_05_09_cm1s003,cfar_margin,564,0.01,0.0,124,input_specific_validation_background
7094,69,323,interfered,narrow,0.009726529461516776,0.5046875,B_fixed_pfa_recalibrated,medium,2019_05_09_mlms003,cfar_margin,640,0.01,0.0,103,input_specific_validation_background
11481,92,17,interfered,narrow,0.008013239264872398,0.06296296296296296,B_fixed_pfa_recalibrated,severe,2019_04_30_mlms000,cfar_margin,270,0.01,-10.0,120,input_specific_validation_background
11737,90,15,interfered,narrow,0.007668058277242907,0.04838709677419355,B_fixed_pfa_recalibrated,severe,2019_04_30_mlms001,cfar_margin,310,0.01,-10.0,129,input_specific_validation_background
6735,77,25,interfered,narrow,0.011432813659985152,0.040783034257748776,B_fixed_pfa_recalibrated,severe,2019_05_09_bm1s007,cfar_margin,613,0.01,-10.0,124,input_specific_validation_background
7549,100,329,interfered,narrow,0.013246787653993907,0.5833333333333334,B_fixed_pfa_recalibrated,severe,2019_05_09_cm1s003,cfar_margin,564,0.01,-10.0,124,input_specific_validation_background
7094,72,171,interfered,narrow,0.010149422046800112,0.2671875,B_fixed_pfa_recalibrated,severe,2019_05_09_mlms003,cfar_margin,640,0.01,-10.0,103,input_specific_validation_background
11481,17,104,clean,narrow,0.0014807072554655519,0.3851851851851852,A_clean_threshold,,2019_04_30_mlms000,cfar_margin,270,0.001,,120,clean_validation_background
11737,28,139,clean,narrow,0.0023856181306977932,0.4483870967741935,A_clean_threshold,,2019_04_30_mlms001,cfar_margin,310,0.001,,129,clean_validation_background
6735,7,168,clean,narrow,0.0010393466963622866,0.2740619902120718,A_clean_threshold,,2019_05_09_bm1s007,cfar_margin,613,0.001,,124,clean_validation_background
7549,0,526,clean,narrow,0.0,0.9326241134751773,A_clean_threshold,,2019_05_09_cm1s003,cfar_margin,564,0.001,,124,clean_validation_background
7094,0,337,clean,narrow,0.0,0.5265625,A_clean_threshold,,2019_05_09_mlms003,cfar_margin,640,0.001,,103,clean_validation_background
11481,22,104,interfered,narrow,0.0019162093894260082,0.3851851851851852,A_clean_threshold,light,2019_04_30_mlms000,cfar_margin,270,0.001,10.0,120,clean_validation_background
11737,34,138,interfered,narrow,0.0028968220158473203,0.44516129032258067,A_clean_threshold,light,2019_04_30_mlms001,cfar_margin,310,0.001,10.0,129,clean_validation_background
6735,20,167,interfered,narrow,0.002969561989606533,0.2724306688417618,A_clean_threshold,light,2019_05_09_bm1s007,cfar_margin,613,0.001,10.0,124,clean_validation_background
7549,28,526,interfered,narrow,0.0037091005431182937,0.9326241134751773,A_clean_threshold,light,2019_05_09_cm1s003,cfar_margin,564,0.001,10.0,124,clean_validation_background
7094,13,336,interfered,narrow,0.001832534536227798,0.525,A_clean_threshold,light,2019_05_09_mlms003,cfar_margin,640,0.001,10.0,103,clean_validation_background
11481,102,103,interfered,narrow,0.008884243532793311,0.3814814814814815,A_clean_threshold,medium,2019_04_30_mlms000,cfar_margin,270,0.001,0.0,120,clean_validation_background
11737,113,137,interfered,narrow,0.009627673170316094,0.44193548387096776,A_clean_threshold,medium,2019_04_30_mlms001,cfar_margin,310,0.001,0.0,129,clean_validation_background
6735,80,155,interfered,narrow,0.011878247958426132,0.2528548123980424,A_clean_threshold,medium,2019_05_09_bm1s007,cfar_margin,613,0.001,0.0,124,clean_validation_background
7549,114,524,interfered,narrow,0.015101337925553054,0.9290780141843972,A_clean_threshold,medium,2019_05_09_cm1s003,cfar_margin,564,0.001,0.0,124,clean_validation_background
7094,70,324,interfered,narrow,0.00986749365661122,0.50625,A_clean_threshold,medium,2019_05_09_mlms003,cfar_margin,640,0.001,0.0,103,clean_validation_background
11481,125,87,interfered,narrow,0.01088755334901141,0.32222222222222224,A_clean_threshold,severe,2019_04_30_mlms000,cfar_margin,270,0.001,-10.0,120,clean_validation_background
11737,133,122,interfered,narrow,0.011331686120814519,0.3935483870967742,A_clean_threshold,severe,2019_04_30_mlms001,cfar_margin,310,0.001,-10.0,129,clean_validation_background
6735,116,99,interfered,narrow,0.017223459539717892,0.16150081566068517,A_clean_threshold,severe,2019_05_09_bm1s007,cfar_margin,613,0.001,-10.0,124,clean_validation_background
7549,128,473,interfered,narrow,0.0169558881971122,0.8386524822695035,A_clean_threshold,severe,2019_05_09_cm1s003,cfar_margin,564,0.001,-10.0,124,clean_validation_background
7094,93,314,interfered,narrow,0.013109670143783479,0.490625,A_clean_threshold,severe,2019_05_09_mlms003,cfar_margin,640,0.001,-10.0,103,clean_validation_background
11481,17,104,clean,narrow,0.0014807072554655519,0.3851851851851852,B_fixed_pfa_recalibrated,,2019_04_30_mlms000,cfar_margin,270,0.001,,120,input_specific_validation_background
11737,28,139,clean,narrow,0.0023856181306977932,0.4483870967741935,B_fixed_pfa_recalibrated,,2019_04_30_mlms001,cfar_margin,310,0.001,,129,input_specific_validation_background
6735,7,168,clean,narrow,0.0010393466963622866,0.2740619902120718,B_fixed_pfa_recalibrated,,2019_05_09_bm1s007,cfar_margin,613,0.001,,124,input_specific_validation_background
7549,0,526,clean,narrow,0.0,0.9326241134751773,B_fixed_pfa_recalibrated,,2019_05_09_cm1s003,cfar_margin,564,0.001,,124,input_specific_validation_background
7094,0,337,clean,narrow,0.0,0.5265625,B_fixed_pfa_recalibrated,,2019_05_09_mlms003,cfar_margin,640,0.001,,103,input_specific_validation_background
11481,3,81,interfered,narrow,0.0002613012803762738,0.3,B_fixed_pfa_recalibrated,light,2019_04_30_mlms000,cfar_margin,270,0.001,10.0,120,input_specific_validation_background
11737,8,101,interfered,narrow,0.0006816051801993695,0.3258064516129032,B_fixed_pfa_recalibrated,light,2019_04_30_mlms001,cfar_margin,310,0.001,10.0,129,input_specific_validation_background
6735,8,112,interfered,narrow,0.0011878247958426132,0.18270799347471453,B_fixed_pfa_recalibrated,light,2019_05_09_bm1s007,cfar_margin,613,0.001,10.0,124,input_specific_validation_background
7549,21,494,interfered,narrow,0.0027818254073387204,0.875886524822695,B_fixed_pfa_recalibrated,light,2019_05_09_cm1s003,cfar_margin,564,0.001,10.0,124,input_specific_validation_background
7094,8,321,interfered,narrow,0.001127713560755568,0.5015625,B_fixed_pfa_recalibrated,light,2019_05_09_mlms003,cfar_margin,640,0.001,10.0,103,input_specific_validation_background
11481,2,15,interfered,narrow,0.00017420085358418256,0.05555555555555555,B_fixed_pfa_recalibrated,medium,2019_04_30_mlms000,cfar_margin,270,0.001,0.0,120,input_specific_validation_background
11737,5,9,interfered,narrow,0.00042600323762460597,0.02903225806451613,B_fixed_pfa_recalibrated,medium,2019_04_30_mlms001,cfar_margin,310,0.001,0.0,129,input_specific_validation_background
6735,6,31,interfered,narrow,0.0008908685968819599,0.05057096247960848,B_fixed_pfa_recalibrated,medium,2019_05_09_bm1s007,cfar_margin,613,0.001,0.0,124,input_specific_validation_background
7549,29,246,interfered,narrow,0.0038415684196582327,0.43617021276595747,B_fixed_pfa_recalibrated,medium,2019_05_09_cm1s003,cfar_margin,564,0.001,0.0,124,input_specific_validation_background
7094,11,131,interfered,narrow,0.0015506061460389062,0.2046875,B_fixed_pfa_recalibrated,medium,2019_05_09_mlms003,cfar_margin,640,0.001,0.0,103,input_specific_validation_background
11481,10,0,interfered,narrow,0.0008710042679209128,0.0,B_fixed_pfa_recalibrated,severe,2019_04_30_mlms000,cfar_margin,270,0.001,-10.0,120,input_specific_validation_background
11737,5,0,interfered,narrow,0.00042600323762460597,0.0,B_fixed_pfa_recalibrated,severe,2019_04_30_mlms001,cfar_margin,310,0.001,-10.0,129,input_specific_validation_background
6735,2,2,interfered,narrow,0.0002969561989606533,0.0032626427406199023,B_fixed_pfa_recalibrated,severe,2019_05_09_bm1s007,cfar_margin,613,0.001,-10.0,124,input_specific_validation_background
7549,11,0,interfered,narrow,0.0014571466419393297,0.0,B_fixed_pfa_recalibrated,severe,2019_05_09_cm1s003,cfar_margin,564,0.001,-10.0,124,input_specific_validation_background
7094,4,0,interfered,narrow,0.000563856780377784,0.0,B_fixed_pfa_recalibrated,severe,2019_05_09_mlms003,cfar_margin,640,0.001,-10.0,103,input_specific_validation_background
10839,134,168,clean,default,0.012362764092628471,0.6222222222222222,A_clean_threshold,,2019_04_30_mlms000,clean_peak_percentile,270,0.01,,120,clean_validation_background
10760,178,196,clean,default,0.01654275092936803,0.632258064516129,A_clean_threshold,,2019_04_30_mlms001,clean_peak_percentile,310,0.01,,129,clean_validation_background
5559,101,475,clean,default,0.01816873538406188,0.7748776508972267,A_clean_threshold,,2019_05_09_bm1s007,clean_peak_percentile,613,0.01,,124,clean_validation_background
5818,0,563,clean,default,0.0,0.99822695035461,A_clean_threshold,,2019_05_09_cm1s003,clean_peak_percentile,564,0.01,,124,clean_validation_background
6609,6,508,clean,default,0.0009078529278256923,0.79375,A_clean_threshold,,2019_05_09_mlms003,clean_peak_percentile,640,0.01,,103,clean_validation_background
10839,158,168,interfered,default,0.014576990497278347,0.6222222222222222,A_clean_threshold,light,2019_04_30_mlms000,clean_peak_percentile,270,0.01,10.0,120,clean_validation_background
10760,205,196,interfered,default,0.019052044609665426,0.632258064516129,A_clean_threshold,light,2019_04_30_mlms001,clean_peak_percentile,310,0.01,10.0,129,clean_validation_background
5559,133,475,interfered,default,0.023925166396833963,0.7748776508972267,A_clean_threshold,light,2019_05_09_bm1s007,clean_peak_percentile,613,0.01,10.0,124,clean_validation_background
5818,57,563,interfered,default,0.00979718116191131,0.99822695035461,A_clean_threshold,light,2019_05_09_cm1s003,clean_peak_percentile,564,0.01,10.0,124,clean_validation_background
6609,34,507,interfered,default,0.005144499924345589,0.7921875,A_clean_threshold,light,2019_05_09_mlms003,clean_peak_percentile,640,0.01,10.0,103,clean_validation_background
10839,235,166,interfered,default,0.021680966878863363,0.6148148148148148,A_clean_threshold,medium,2019_04_30_mlms000,clean_peak_percentile,270,0.01,0.0,120,clean_validation_background
10760,269,194,interfered,default,0.025,0.6258064516129033,A_clean_threshold,medium,2019_04_30_mlms001,clean_peak_percentile,310,0.01,0.0,129,clean_validation_background
5559,175,463,interfered,default,0.03148048210109732,0.7553017944535073,A_clean_threshold,medium,2019_05_09_bm1s007,clean_peak_percentile,613,0.01,0.0,124,clean_validation_background
5818,129,563,interfered,default,0.022172567892746648,0.99822695035461,A_clean_threshold,medium,2019_05_09_cm1s003,clean_peak_percentile,564,0.01,0.0,124,clean_validation_background
6609,84,493,interfered,default,0.01270994098955969,0.7703125,A_clean_threshold,medium,2019_05_09_mlms003,clean_peak_percentile,640,0.01,0.0,103,clean_validation_background
10839,223,154,interfered,default,0.020573853676538426,0.5703703703703704,A_clean_threshold,severe,2019_04_30_mlms000,clean_peak_percentile,270,0.01,-10.0,120,clean_validation_background
10760,229,179,interfered,default,0.021282527881040892,0.5774193548387097,A_clean_threshold,severe,2019_04_30_mlms001,clean_peak_percentile,310,0.01,-10.0,129,clean_validation_background
5559,136,402,interfered,default,0.024464831804281346,0.6557911908646004,A_clean_threshold,severe,2019_05_09_bm1s007,clean_peak_percentile,613,0.01,-10.0,124,clean_validation_background
5818,133,562,interfered,default,0.022860089377793057,0.9964539007092199,A_clean_threshold,severe,2019_05_09_cm1s003,clean_peak_percentile,564,0.01,-10.0,124,clean_validation_background
6609,100,480,interfered,default,0.015130882130428205,0.75,A_clean_threshold,severe,2019_05_09_mlms003,clean_peak_percentile,640,0.01,-10.0,103,clean_validation_background
10839,134,168,clean,default,0.012362764092628471,0.6222222222222222,B_fixed_pfa_recalibrated,,2019_04_30_mlms000,clean_peak_percentile,270,0.01,,120,input_specific_validation_background
10760,178,196,clean,default,0.01654275092936803,0.632258064516129,B_fixed_pfa_recalibrated,,2019_04_30_mlms001,clean_peak_percentile,310,0.01,,129,input_specific_validation_background
5559,101,475,clean,default,0.01816873538406188,0.7748776508972267,B_fixed_pfa_recalibrated,,2019_05_09_bm1s007,clean_peak_percentile,613,0.01,,124,input_specific_validation_background
5818,0,563,clean,default,0.0,0.99822695035461,B_fixed_pfa_recalibrated,,2019_05_09_cm1s003,clean_peak_percentile,564,0.01,,124,input_specific_validation_background
6609,6,508,clean,default,0.0009078529278256923,0.79375,B_fixed_pfa_recalibrated,,2019_05_09_mlms003,clean_peak_percentile,640,0.01,,103,input_specific_validation_background
10839,133,159,interfered,default,0.012270504659101393,0.5888888888888889,B_fixed_pfa_recalibrated,light,2019_04_30_mlms000,clean_peak_percentile,270,0.01,10.0,120,input_specific_validation_background
10760,146,179,interfered,default,0.013568773234200743,0.5774193548387097,B_fixed_pfa_recalibrated,light,2019_04_30_mlms001,clean_peak_percentile,310,0.01,10.0,129,input_specific_validation_background
5559,76,422,interfered,default,0.013671523655333693,0.6884176182707994,B_fixed_pfa_recalibrated,light,2019_05_09_bm1s007,clean_peak_percentile,613,0.01,10.0,124,input_specific_validation_background
5818,48,562,interfered,default,0.008250257820556892,0.9964539007092199,B_fixed_pfa_recalibrated,light,2019_05_09_cm1s003,clean_peak_percentile,564,0.01,10.0,124,input_specific_validation_background
6609,25,496,interfered,default,0.003782720532607051,0.775,B_fixed_pfa_recalibrated,light,2019_05_09_mlms003,clean_peak_percentile,640,0.01,10.0,103,input_specific_validation_background
10839,78,107,interfered,default,0.0071962358151120955,0.3962962962962963,B_fixed_pfa_recalibrated,medium,2019_04_30_mlms000,clean_peak_percentile,270,0.01,0.0,120,input_specific_validation_background
10760,91,111,interfered,default,0.00845724907063197,0.3580645161290323,B_fixed_pfa_recalibrated,medium,2019_04_30_mlms001,clean_peak_percentile,310,0.01,0.0,129,input_specific_validation_background
5559,69,138,interfered,default,0.0124123043712898,0.22512234910277323,B_fixed_pfa_recalibrated,medium,2019_05_09_bm1s007,clean_peak_percentile,613,0.01,0.0,124,input_specific_validation_background
5818,105,539,interfered,default,0.018047438982468203,0.9556737588652482,B_fixed_pfa_recalibrated,medium,2019_05_09_cm1s003,clean_peak_percentile,564,0.01,0.0,124,input_specific_validation_background
6609,65,460,interfered,default,0.009835073384778332,0.71875,B_fixed_pfa_recalibrated,medium,2019_05_09_mlms003,clean_peak_percentile,640,0.01,0.0,103,input_specific_validation_background
10839,79,13,interfered,default,0.007288495248639173,0.04814814814814815,B_fixed_pfa_recalibrated,severe,2019_04_30_mlms000,clean_peak_percentile,270,0.01,-10.0,120,input_specific_validation_background
10760,78,13,interfered,default,0.00724907063197026,0.041935483870967745,B_fixed_pfa_recalibrated,severe,2019_04_30_mlms001,clean_peak_percentile,310,0.01,-10.0,129,input_specific_validation_background
5559,68,33,interfered,default,0.012232415902140673,0.053833605220228384,B_fixed_pfa_recalibrated,severe,2019_05_09_bm1s007,clean_peak_percentile,613,0.01,-10.0,124,input_specific_validation_background
5818,91,298,interfered,default,0.015641113784805774,0.5283687943262412,B_fixed_pfa_recalibrated,severe,2019_05_09_cm1s003,clean_peak_percentile,564,0.01,-10.0,124,input_specific_validation_background
6609,63,239,interfered,default,0.009532455742169769,0.3734375,B_fixed_pfa_recalibrated,severe,2019_05_09_mlms003,clean_peak_percentile,640,0.01,-10.0,103,input_specific_validation_background
10839,14,131,clean,default,0.001291632069379094,0.48518518518518516,A_clean_threshold,,2019_04_30_mlms000,clean_peak_percentile,270,0.001,,120,clean_validation_background
10760,26,142,clean,default,0.0024163568773234202,0.45806451612903226,A_clean_threshold,,2019_04_30_mlms001,clean_peak_percentile,310,0.001,,129,clean_validation_background
5559,6,217,clean,default,0.0010793308148947653,0.3539967373572594,A_clean_threshold,,2019_05_09_bm1s007,clean_peak_percentile,613,0.001,,124,clean_validation_background
5818,0,554,clean,default,0.0,0.9822695035460993,A_clean_threshold,,2019_05_09_cm1s003,clean_peak_percentile,564,0.001,,124,clean_validation_background
6609,0,479,clean,default,0.0,0.7484375,A_clean_threshold,,2019_05_09_mlms003,clean_peak_percentile,640,0.001,,103,clean_validation_background
10839,18,131,interfered,default,0.0016606698034874066,0.48518518518518516,A_clean_threshold,light,2019_04_30_mlms000,clean_peak_percentile,270,0.001,10.0,120,clean_validation_background
10760,32,142,interfered,default,0.002973977695167286,0.45806451612903226,A_clean_threshold,light,2019_04_30_mlms001,clean_peak_percentile,310,0.001,10.0,129,clean_validation_background
5559,19,216,interfered,default,0.0034178809138334233,0.3523654159869494,A_clean_threshold,light,2019_05_09_bm1s007,clean_peak_percentile,613,0.001,10.0,124,clean_validation_background
5818,28,554,interfered,default,0.0048126503953248535,0.9822695035460993,A_clean_threshold,light,2019_05_09_cm1s003,clean_peak_percentile,564,0.001,10.0,124,clean_validation_background
6609,13,478,interfered,default,0.0019670146769556664,0.746875,A_clean_threshold,light,2019_05_09_mlms003,clean_peak_percentile,640,0.001,10.0,103,clean_validation_background
10839,96,130,interfered,default,0.008856905618599501,0.48148148148148145,A_clean_threshold,medium,2019_04_30_mlms000,clean_peak_percentile,270,0.001,0.0,120,clean_validation_background
10760,111,141,interfered,default,0.010315985130111524,0.45483870967741935,A_clean_threshold,medium,2019_04_30_mlms001,clean_peak_percentile,310,0.001,0.0,129,clean_validation_background
5559,79,203,interfered,default,0.014211189062781076,0.33115823817292006,A_clean_threshold,medium,2019_05_09_bm1s007,clean_peak_percentile,613,0.001,0.0,124,clean_validation_background
5818,113,554,interfered,default,0.019422481952561018,0.9822695035460993,A_clean_threshold,medium,2019_05_09_cm1s003,clean_peak_percentile,564,0.001,0.0,124,clean_validation_background
6609,69,464,interfered,default,0.01044030866999546,0.725,A_clean_threshold,medium,2019_05_09_mlms003,clean_peak_percentile,640,0.001,0.0,103,clean_validation_background
10839,120,111,interfered,default,0.011071132023249377,0.4111111111111111,A_clean_threshold,severe,2019_04_30_mlms000,clean_peak_percentile,270,0.001,-10.0,120,clean_validation_background
10760,130,124,interfered,default,0.012081784386617101,0.4,A_clean_threshold,severe,2019_04_30_mlms001,clean_peak_percentile,310,0.001,-10.0,129,clean_validation_background
5559,112,129,interfered,default,0.020147508544702285,0.21044045676998369,A_clean_threshold,severe,2019_05_09_bm1s007,clean_peak_percentile,613,0.001,-10.0,124,clean_validation_background
5818,128,495,interfered,default,0.022000687521485048,0.8776595744680851,A_clean_threshold,severe,2019_05_09_cm1s003,clean_peak_percentile,564,0.001,-10.0,124,clean_validation_background
6609,91,454,interfered,default,0.013769102738689665,0.709375,A_clean_threshold,severe,2019_05_09_mlms003,clean_peak_percentile,640,0.001,-10.0,103,clean_validation_background
10839,14,131,clean,default,0.001291632069379094,0.48518518518518516,B_fixed_pfa_recalibrated,,2019_04_30_mlms000,clean_peak_percentile,270,0.001,,120,input_specific_validation_background
10760,26,142,clean,default,0.0024163568773234202,0.45806451612903226,B_fixed_pfa_recalibrated,,2019_04_30_mlms001,clean_peak_percentile,310,0.001,,129,input_specific_validation_background
5559,6,217,clean,default,0.0010793308148947653,0.3539967373572594,B_fixed_pfa_recalibrated,,2019_05_09_bm1s007,clean_peak_percentile,613,0.001,,124,input_specific_validation_background
5818,0,554,clean,default,0.0,0.9822695035460993,B_fixed_pfa_recalibrated,,2019_05_09_cm1s003,clean_peak_percentile,564,0.001,,124,input_specific_validation_background
6609,0,479,clean,default,0.0,0.7484375,B_fixed_pfa_recalibrated,,2019_05_09_mlms003,clean_peak_percentile,640,0.001,,103,input_specific_validation_background
10839,2,103,interfered,default,0.00018451886705415628,0.3814814814814815,B_fixed_pfa_recalibrated,light,2019_04_30_mlms000,clean_peak_percentile,270,0.001,10.0,120,input_specific_validation_background
10760,3,91,interfered,default,0.0002788104089219331,0.29354838709677417,B_fixed_pfa_recalibrated,light,2019_04_30_mlms001,clean_peak_percentile,310,0.001,10.0,129,input_specific_validation_background
5559,6,123,interfered,default,0.0010793308148947653,0.200652528548124,B_fixed_pfa_recalibrated,light,2019_05_09_bm1s007,clean_peak_percentile,613,0.001,10.0,124,input_specific_validation_background
5818,17,455,interfered,default,0.002921966311447233,0.8067375886524822,B_fixed_pfa_recalibrated,light,2019_05_09_cm1s003,clean_peak_percentile,564,0.001,10.0,124,input_specific_validation_background
6609,4,465,interfered,default,0.0006052352852171282,0.7265625,B_fixed_pfa_recalibrated,light,2019_05_09_mlms003,clean_peak_percentile,640,0.001,10.0,103,input_specific_validation_background
10839,1,16,interfered,default,9.225943352707814e-05,0.05925925925925926,B_fixed_pfa_recalibrated,medium,2019_04_30_mlms000,clean_peak_percentile,270,0.001,0.0,120,input_specific_validation_background
10760,4,9,interfered,default,0.0003717472118959108,0.02903225806451613,B_fixed_pfa_recalibrated,medium,2019_04_30_mlms001,clean_peak_percentile,310,0.001,0.0,129,input_specific_validation_background
5559,4,39,interfered,default,0.0007195538765965102,0.0636215334420881,B_fixed_pfa_recalibrated,medium,2019_05_09_bm1s007,clean_peak_percentile,613,0.001,0.0,124,input_specific_validation_background
5818,28,256,interfered,default,0.0048126503953248535,0.45390070921985815,B_fixed_pfa_recalibrated,medium,2019_05_09_cm1s003,clean_peak_percentile,564,0.001,0.0,124,input_specific_validation_background
6609,9,220,interfered,default,0.0013617793917385383,0.34375,B_fixed_pfa_recalibrated,medium,2019_05_09_mlms003,clean_peak_percentile,640,0.001,0.0,103,input_specific_validation_background
10839,9,0,interfered,default,0.0008303349017437033,0.0,B_fixed_pfa_recalibrated,severe,2019_04_30_mlms000,clean_peak_percentile,270,0.001,-10.0,120,input_specific_validation_background
10760,4,0,interfered,default,0.0003717472118959108,0.0,B_fixed_pfa_recalibrated,severe,2019_04_30_mlms001,clean_peak_percentile,310,0.001,-10.0,129,input_specific_validation_background
5559,1,2,interfered,default,0.00017988846914912754,0.0032626427406199023,B_fixed_pfa_recalibrated,severe,2019_05_09_bm1s007,clean_peak_percentile,613,0.001,-10.0,124,input_specific_validation_background
5818,9,0,interfered,default,0.0015469233413544173,0.0,B_fixed_pfa_recalibrated,severe,2019_05_09_cm1s003,clean_peak_percentile,564,0.001,-10.0,124,input_specific_validation_background
6609,3,0,interfered,default,0.00045392646391284613,0.0,B_fixed_pfa_recalibrated,severe,2019_05_09_mlms003,clean_peak_percentile,640,0.001,-10.0,103,input_specific_validation_background
10839,134,168,clean,default,0.012362764092628471,0.6222222222222222,A_clean_threshold,,2019_04_30_mlms000,cfar_margin,270,0.01,,120,clean_validation_background
10760,178,196,clean,default,0.01654275092936803,0.632258064516129,A_clean_threshold,,2019_04_30_mlms001,cfar_margin,310,0.01,,129,clean_validation_background
5559,101,475,clean,default,0.01816873538406188,0.7748776508972267,A_clean_threshold,,2019_05_09_bm1s007,cfar_margin,613,0.01,,124,clean_validation_background
5818,0,563,clean,default,0.0,0.99822695035461,A_clean_threshold,,2019_05_09_cm1s003,cfar_margin,564,0.01,,124,clean_validation_background
6609,6,508,clean,default,0.0009078529278256923,0.79375,A_clean_threshold,,2019_05_09_mlms003,cfar_margin,640,0.01,,103,clean_validation_background
10839,158,168,interfered,default,0.014576990497278347,0.6222222222222222,A_clean_threshold,light,2019_04_30_mlms000,cfar_margin,270,0.01,10.0,120,clean_validation_background
10760,205,196,interfered,default,0.019052044609665426,0.632258064516129,A_clean_threshold,light,2019_04_30_mlms001,cfar_margin,310,0.01,10.0,129,clean_validation_background
5559,133,475,interfered,default,0.023925166396833963,0.7748776508972267,A_clean_threshold,light,2019_05_09_bm1s007,cfar_margin,613,0.01,10.0,124,clean_validation_background
5818,57,563,interfered,default,0.00979718116191131,0.99822695035461,A_clean_threshold,light,2019_05_09_cm1s003,cfar_margin,564,0.01,10.0,124,clean_validation_background
6609,34,507,interfered,default,0.005144499924345589,0.7921875,A_clean_threshold,light,2019_05_09_mlms003,cfar_margin,640,0.01,10.0,103,clean_validation_background
10839,235,166,interfered,default,0.021680966878863363,0.6148148148148148,A_clean_threshold,medium,2019_04_30_mlms000,cfar_margin,270,0.01,0.0,120,clean_validation_background
10760,269,194,interfered,default,0.025,0.6258064516129033,A_clean_threshold,medium,2019_04_30_mlms001,cfar_margin,310,0.01,0.0,129,clean_validation_background
5559,175,463,interfered,default,0.03148048210109732,0.7553017944535073,A_clean_threshold,medium,2019_05_09_bm1s007,cfar_margin,613,0.01,0.0,124,clean_validation_background
5818,129,563,interfered,default,0.022172567892746648,0.99822695035461,A_clean_threshold,medium,2019_05_09_cm1s003,cfar_margin,564,0.01,0.0,124,clean_validation_background
6609,84,493,interfered,default,0.01270994098955969,0.7703125,A_clean_threshold,medium,2019_05_09_mlms003,cfar_margin,640,0.01,0.0,103,clean_validation_background
10839,223,154,interfered,default,0.020573853676538426,0.5703703703703704,A_clean_threshold,severe,2019_04_30_mlms000,cfar_margin,270,0.01,-10.0,120,clean_validation_background
10760,229,179,interfered,default,0.021282527881040892,0.5774193548387097,A_clean_threshold,severe,2019_04_30_mlms001,cfar_margin,310,0.01,-10.0,129,clean_validation_background
5559,136,402,interfered,default,0.024464831804281346,0.6557911908646004,A_clean_threshold,severe,2019_05_09_bm1s007,cfar_margin,613,0.01,-10.0,124,clean_validation_background
5818,133,562,interfered,default,0.022860089377793057,0.9964539007092199,A_clean_threshold,severe,2019_05_09_cm1s003,cfar_margin,564,0.01,-10.0,124,clean_validation_background
6609,100,480,interfered,default,0.015130882130428205,0.75,A_clean_threshold,severe,2019_05_09_mlms003,cfar_margin,640,0.01,-10.0,103,clean_validation_background
10839,134,168,clean,default,0.012362764092628471,0.6222222222222222,B_fixed_pfa_recalibrated,,2019_04_30_mlms000,cfar_margin,270,0.01,,120,input_specific_validation_background
10760,178,196,clean,default,0.01654275092936803,0.632258064516129,B_fixed_pfa_recalibrated,,2019_04_30_mlms001,cfar_margin,310,0.01,,129,input_specific_validation_background
5559,101,475,clean,default,0.01816873538406188,0.7748776508972267,B_fixed_pfa_recalibrated,,2019_05_09_bm1s007,cfar_margin,613,0.01,,124,input_specific_validation_background
5818,0,563,clean,default,0.0,0.99822695035461,B_fixed_pfa_recalibrated,,2019_05_09_cm1s003,cfar_margin,564,0.01,,124,input_specific_validation_background
6609,6,508,clean,default,0.0009078529278256923,0.79375,B_fixed_pfa_recalibrated,,2019_05_09_mlms003,cfar_margin,640,0.01,,103,input_specific_validation_background
10839,133,159,interfered,default,0.012270504659101393,0.5888888888888889,B_fixed_pfa_recalibrated,light,2019_04_30_mlms000,cfar_margin,270,0.01,10.0,120,input_specific_validation_background
10760,146,179,interfered,default,0.013568773234200743,0.5774193548387097,B_fixed_pfa_recalibrated,light,2019_04_30_mlms001,cfar_margin,310,0.01,10.0,129,input_specific_validation_background
5559,76,422,interfered,default,0.013671523655333693,0.6884176182707994,B_fixed_pfa_recalibrated,light,2019_05_09_bm1s007,cfar_margin,613,0.01,10.0,124,input_specific_validation_background
5818,48,562,interfered,default,0.008250257820556892,0.9964539007092199,B_fixed_pfa_recalibrated,light,2019_05_09_cm1s003,cfar_margin,564,0.01,10.0,124,input_specific_validation_background
6609,25,496,interfered,default,0.003782720532607051,0.775,B_fixed_pfa_recalibrated,light,2019_05_09_mlms003,cfar_margin,640,0.01,10.0,103,input_specific_validation_background
10839,78,107,interfered,default,0.0071962358151120955,0.3962962962962963,B_fixed_pfa_recalibrated,medium,2019_04_30_mlms000,cfar_margin,270,0.01,0.0,120,input_specific_validation_background
10760,91,111,interfered,default,0.00845724907063197,0.3580645161290323,B_fixed_pfa_recalibrated,medium,2019_04_30_mlms001,cfar_margin,310,0.01,0.0,129,input_specific_validation_background
5559,69,138,interfered,default,0.0124123043712898,0.22512234910277323,B_fixed_pfa_recalibrated,medium,2019_05_09_bm1s007,cfar_margin,613,0.01,0.0,124,input_specific_validation_background
5818,105,539,interfered,default,0.018047438982468203,0.9556737588652482,B_fixed_pfa_recalibrated,medium,2019_05_09_cm1s003,cfar_margin,564,0.01,0.0,124,input_specific_validation_background
6609,65,460,interfered,default,0.009835073384778332,0.71875,B_fixed_pfa_recalibrated,medium,2019_05_09_mlms003,cfar_margin,640,0.01,0.0,103,input_specific_validation_background
10839,79,13,interfered,default,0.007288495248639173,0.04814814814814815,B_fixed_pfa_recalibrated,severe,2019_04_30_mlms000,cfar_margin,270,0.01,-10.0,120,input_specific_validation_background
10760,78,13,interfered,default,0.00724907063197026,0.041935483870967745,B_fixed_pfa_recalibrated,severe,2019_04_30_mlms001,cfar_margin,310,0.01,-10.0,129,input_specific_validation_background
5559,68,33,interfered,default,0.012232415902140673,0.053833605220228384,B_fixed_pfa_recalibrated,severe,2019_05_09_bm1s007,cfar_margin,613,0.01,-10.0,124,input_specific_validation_background
5818,91,298,interfered,default,0.015641113784805774,0.5283687943262412,B_fixed_pfa_recalibrated,severe,2019_05_09_cm1s003,cfar_margin,564,0.01,-10.0,124,input_specific_validation_background
6609,63,239,interfered,default,0.009532455742169769,0.3734375,B_fixed_pfa_recalibrated,severe,2019_05_09_mlms003,cfar_margin,640,0.01,-10.0,103,input_specific_validation_background
10839,14,131,clean,default,0.001291632069379094,0.48518518518518516,A_clean_threshold,,2019_04_30_mlms000,cfar_margin,270,0.001,,120,clean_validation_background
10760,26,142,clean,default,0.0024163568773234202,0.45806451612903226,A_clean_threshold,,2019_04_30_mlms001,cfar_margin,310,0.001,,129,clean_validation_background
5559,6,217,clean,default,0.0010793308148947653,0.3539967373572594,A_clean_threshold,,2019_05_09_bm1s007,cfar_margin,613,0.001,,124,clean_validation_background
5818,0,554,clean,default,0.0,0.9822695035460993,A_clean_threshold,,2019_05_09_cm1s003,cfar_margin,564,0.001,,124,clean_validation_background
6609,0,479,clean,default,0.0,0.7484375,A_clean_threshold,,2019_05_09_mlms003,cfar_margin,640,0.001,,103,clean_validation_background
10839,18,131,interfered,default,0.0016606698034874066,0.48518518518518516,A_clean_threshold,light,2019_04_30_mlms000,cfar_margin,270,0.001,10.0,120,clean_validation_background
10760,32,142,interfered,default,0.002973977695167286,0.45806451612903226,A_clean_threshold,light,2019_04_30_mlms001,cfar_margin,310,0.001,10.0,129,clean_validation_background
5559,19,216,interfered,default,0.0034178809138334233,0.3523654159869494,A_clean_threshold,light,2019_05_09_bm1s007,cfar_margin,613,0.001,10.0,124,clean_validation_background
5818,28,554,interfered,default,0.0048126503953248535,0.9822695035460993,A_clean_threshold,light,2019_05_09_cm1s003,cfar_margin,564,0.001,10.0,124,clean_validation_background
6609,13,478,interfered,default,0.0019670146769556664,0.746875,A_clean_threshold,light,2019_05_09_mlms003,cfar_margin,640,0.001,10.0,103,clean_validation_background
10839,96,130,interfered,default,0.008856905618599501,0.48148148148148145,A_clean_threshold,medium,2019_04_30_mlms000,cfar_margin,270,0.001,0.0,120,clean_validation_background
10760,111,141,interfered,default,0.010315985130111524,0.45483870967741935,A_clean_threshold,medium,2019_04_30_mlms001,cfar_margin,310,0.001,0.0,129,clean_validation_background
5559,79,203,interfered,default,0.014211189062781076,0.33115823817292006,A_clean_threshold,medium,2019_05_09_bm1s007,cfar_margin,613,0.001,0.0,124,clean_validation_background
5818,113,554,interfered,default,0.019422481952561018,0.9822695035460993,A_clean_threshold,medium,2019_05_09_cm1s003,cfar_margin,564,0.001,0.0,124,clean_validation_background
6609,69,464,interfered,default,0.01044030866999546,0.725,A_clean_threshold,medium,2019_05_09_mlms003,cfar_margin,640,0.001,0.0,103,clean_validation_background
10839,120,111,interfered,default,0.011071132023249377,0.4111111111111111,A_clean_threshold,severe,2019_04_30_mlms000,cfar_margin,270,0.001,-10.0,120,clean_validation_background
10760,130,124,interfered,default,0.012081784386617101,0.4,A_clean_threshold,severe,2019_04_30_mlms001,cfar_margin,310,0.001,-10.0,129,clean_validation_background
5559,112,129,interfered,default,0.020147508544702285,0.21044045676998369,A_clean_threshold,severe,2019_05_09_bm1s007,cfar_margin,613,0.001,-10.0,124,clean_validation_background
5818,128,495,interfered,default,0.022000687521485048,0.8776595744680851,A_clean_threshold,severe,2019_05_09_cm1s003,cfar_margin,564,0.001,-10.0,124,clean_validation_background
6609,91,454,interfered,default,0.013769102738689665,0.709375,A_clean_threshold,severe,2019_05_09_mlms003,cfar_margin,640,0.001,-10.0,103,clean_validation_background
10839,14,131,clean,default,0.001291632069379094,0.48518518518518516,B_fixed_pfa_recalibrated,,2019_04_30_mlms000,cfar_margin,270,0.001,,120,input_specific_validation_background
10760,26,142,clean,default,0.0024163568773234202,0.45806451612903226,B_fixed_pfa_recalibrated,,2019_04_30_mlms001,cfar_margin,310,0.001,,129,input_specific_validation_background
5559,6,217,clean,default,0.0010793308148947653,0.3539967373572594,B_fixed_pfa_recalibrated,,2019_05_09_bm1s007,cfar_margin,613,0.001,,124,input_specific_validation_background
5818,0,554,clean,default,0.0,0.9822695035460993,B_fixed_pfa_recalibrated,,2019_05_09_cm1s003,cfar_margin,564,0.001,,124,input_specific_validation_background
6609,0,479,clean,default,0.0,0.7484375,B_fixed_pfa_recalibrated,,2019_05_09_mlms003,cfar_margin,640,0.001,,103,input_specific_validation_background
10839,2,103,interfered,default,0.00018451886705415628,0.3814814814814815,B_fixed_pfa_recalibrated,light,2019_04_30_mlms000,cfar_margin,270,0.001,10.0,120,input_specific_validation_background
10760,3,91,interfered,default,0.0002788104089219331,0.29354838709677417,B_fixed_pfa_recalibrated,light,2019_04_30_mlms001,cfar_margin,310,0.001,10.0,129,input_specific_validation_background
5559,6,123,interfered,default,0.0010793308148947653,0.200652528548124,B_fixed_pfa_recalibrated,light,2019_05_09_bm1s007,cfar_margin,613,0.001,10.0,124,input_specific_validation_background
5818,17,455,interfered,default,0.002921966311447233,0.8067375886524822,B_fixed_pfa_recalibrated,light,2019_05_09_cm1s003,cfar_margin,564,0.001,10.0,124,input_specific_validation_background
6609,4,465,interfered,default,0.0006052352852171282,0.7265625,B_fixed_pfa_recalibrated,light,2019_05_09_mlms003,cfar_margin,640,0.001,10.0,103,input_specific_validation_background
10839,1,16,interfered,default,9.225943352707814e-05,0.05925925925925926,B_fixed_pfa_recalibrated,medium,2019_04_30_mlms000,cfar_margin,270,0.001,0.0,120,input_specific_validation_background
10760,4,9,interfered,default,0.0003717472118959108,0.02903225806451613,B_fixed_pfa_recalibrated,medium,2019_04_30_mlms001,cfar_margin,310,0.001,0.0,129,input_specific_validation_background
5559,4,39,interfered,default,0.0007195538765965102,0.0636215334420881,B_fixed_pfa_recalibrated,medium,2019_05_09_bm1s007,cfar_margin,613,0.001,0.0,124,input_specific_validation_background
5818,28,256,interfered,default,0.0048126503953248535,0.45390070921985815,B_fixed_pfa_recalibrated,medium,2019_05_09_cm1s003,cfar_margin,564,0.001,0.0,124,input_specific_validation_background
6609,9,220,interfered,default,0.0013617793917385383,0.34375,B_fixed_pfa_recalibrated,medium,2019_05_09_mlms003,cfar_margin,640,0.001,0.0,103,input_specific_validation_background
10839,9,0,interfered,default,0.0008303349017437033,0.0,B_fixed_pfa_recalibrated,severe,2019_04_30_mlms000,cfar_margin,270,0.001,-10.0,120,input_specific_validation_background
10760,4,0,interfered,default,0.0003717472118959108,0.0,B_fixed_pfa_recalibrated,severe,2019_04_30_mlms001,cfar_margin,310,0.001,-10.0,129,input_specific_validation_background
5559,1,2,interfered,default,0.00017988846914912754,0.0032626427406199023,B_fixed_pfa_recalibrated,severe,2019_05_09_bm1s007,cfar_margin,613,0.001,-10.0,124,input_specific_validation_background
5818,9,0,interfered,default,0.0015469233413544173,0.0,B_fixed_pfa_recalibrated,severe,2019_05_09_cm1s003,cfar_margin,564,0.001,-10.0,124,input_specific_validation_background
6609,3,0,interfered,default,0.00045392646391284613,0.0,B_fixed_pfa_recalibrated,severe,2019_05_09_mlms003,cfar_margin,640,0.001,-10.0,103,input_specific_validation_background
